﻿<?xml version="1.0" encoding="utf-8"?>
<ArrayOfStatementResult xmlns:xsd="http://www.w3.org/2001/XMLSchema" xmlns:xsi="http://www.w3.org/2001/XMLSchema-instance">
  <StatementResult>
    <ICO>00000647</ICO>
    <Name>Poľnohospodárske družstvo so sídlom v Lokci</Name>
    <Year>2017</Year>
    <DateFrom>2017-01-01T00:00:00</DateFrom>
    <DateTo>2017-12-31T00:00:00</DateTo>
    <DatePublished>2018-03-28T00:00:00</DatePublished>
    <Format>2011_v2</Format>
    <OriginalFormat>2014</OriginalFormat>
    <Source>RegisterOfFinancialStatements</Source>
    <Assets>
      <StatementValue>
        <Key>S1</Key>
        <Actual>2404911</Actual>
        <Previous>2456109</Previous>
      </StatementValue>
      <StatementValue>
        <Key>S2</Key>
        <Actual>1468415</Actual>
        <Previous>1552169</Previous>
      </StatementValue>
      <StatementValue>
        <Key>S3</Key>
        <Actual>0</Actual>
        <Previous>0</Previous>
      </StatementValue>
      <StatementValue>
        <Key>S4</Key>
        <Actual xsi:nil="true" />
        <Previous xsi:nil="true" />
      </StatementValue>
      <StatementValue>
        <Key>S5</Key>
        <Actual>0</Actual>
        <Previous>0</Previous>
      </StatementValue>
      <StatementValue>
        <Key>S6</Key>
        <Actual xsi:nil="true" />
        <Previous xsi:nil="true" />
      </StatementValue>
      <StatementValue>
        <Key>S7</Key>
        <Actual xsi:nil="true" />
        <Previous xsi:nil="true" />
      </StatementValue>
      <StatementValue>
        <Key>S8</Key>
        <Actual xsi:nil="true" />
        <Previous xsi:nil="true" />
      </StatementValue>
      <StatementValue>
        <Key>S9</Key>
        <Actual xsi:nil="true" />
        <Previous xsi:nil="true" />
      </StatementValue>
      <StatementValue>
        <Key>S10</Key>
        <Actual xsi:nil="true" />
        <Previous xsi:nil="true" />
      </StatementValue>
      <StatementValue>
        <Key>S11</Key>
        <Actual>1468415</Actual>
        <Previous>1552169</Previous>
      </StatementValue>
      <StatementValue>
        <Key>S12</Key>
        <Actual xsi:nil="true" />
        <Previous xsi:nil="true" />
      </StatementValue>
      <StatementValue>
        <Key>S13</Key>
        <Actual>1203307</Actual>
        <Previous>1257081</Previous>
      </StatementValue>
      <StatementValue>
        <Key>S14</Key>
        <Actual>95225</Actual>
        <Previous>97615</Previous>
      </StatementValue>
      <StatementValue>
        <Key>S15</Key>
        <Actual xsi:nil="true" />
        <Previous xsi:nil="true" />
      </StatementValue>
      <StatementValue>
        <Key>S16</Key>
        <Actual>163133</Actual>
        <Previous>190723</Previous>
      </StatementValue>
      <StatementValue>
        <Key>S17</Key>
        <Actual xsi:nil="true" />
        <Previous xsi:nil="true" />
      </StatementValue>
      <StatementValue>
        <Key>S18</Key>
        <Actual>6750</Actual>
        <Previous>6750</Previous>
      </StatementValue>
      <StatementValue>
        <Key>S19</Key>
        <Actual xsi:nil="true" />
        <Previous xsi:nil="true" />
      </StatementValue>
      <StatementValue>
        <Key>S20</Key>
        <Actual xsi:nil="true" />
        <Previous xsi:nil="true" />
      </StatementValue>
      <StatementValue>
        <Key>S21</Key>
        <Actual xsi:nil="true" />
        <Previous xsi:nil="true" />
      </StatementValue>
      <StatementValue>
        <Key>S22</Key>
        <Actual xsi:nil="true" />
        <Previous xsi:nil="true" />
      </StatementValue>
      <StatementValue>
        <Key>S23</Key>
        <Actual xsi:nil="true" />
        <Previous xsi:nil="true" />
      </StatementValue>
      <StatementValue>
        <Key>S24</Key>
        <Actual xsi:nil="true" />
        <Previous xsi:nil="true" />
      </StatementValue>
      <StatementValue>
        <Key>S25</Key>
        <Actual xsi:nil="true" />
        <Previous xsi:nil="true" />
      </StatementValue>
      <StatementValue>
        <Key>S26</Key>
        <Actual xsi:nil="true" />
        <Previous xsi:nil="true" />
      </StatementValue>
      <StatementValue>
        <Key>S27</Key>
        <Actual xsi:nil="true" />
        <Previous xsi:nil="true" />
      </StatementValue>
      <StatementValue>
        <Key>S28</Key>
        <Actual xsi:nil="true" />
        <Previous xsi:nil="true" />
      </StatementValue>
      <StatementValue>
        <Key>S29</Key>
        <Actual xsi:nil="true" />
        <Previous xsi:nil="true" />
      </StatementValue>
      <StatementValue>
        <Key>S30</Key>
        <Actual>933191</Actual>
        <Previous>900053</Previous>
      </StatementValue>
      <StatementValue>
        <Key>S31</Key>
        <Actual>514075</Actual>
        <Previous>460126</Previous>
      </StatementValue>
      <StatementValue>
        <Key>S32</Key>
        <Actual>47159</Actual>
        <Previous>27871</Previous>
      </StatementValue>
      <StatementValue>
        <Key>S33</Key>
        <Actual>37267</Actual>
        <Previous>31926</Previous>
      </StatementValue>
      <StatementValue>
        <Key>S34</Key>
        <Actual>216854</Actual>
        <Previous>175156</Previous>
      </StatementValue>
      <StatementValue>
        <Key>S35</Key>
        <Actual>212795</Actual>
        <Previous>225173</Previous>
      </StatementValue>
      <StatementValue>
        <Key>S36</Key>
        <Actual xsi:nil="true" />
        <Previous xsi:nil="true" />
      </StatementValue>
      <StatementValue>
        <Key>S37</Key>
        <Actual xsi:nil="true" />
        <Previous xsi:nil="true" />
      </StatementValue>
      <StatementValue>
        <Key>S38</Key>
        <Actual>19117</Actual>
        <Previous>21520</Previous>
      </StatementValue>
      <StatementValue>
        <Key>S39</Key>
        <Actual xsi:nil="true" />
        <Previous xsi:nil="true" />
      </StatementValue>
      <StatementValue>
        <Key>S40</Key>
        <Actual xsi:nil="true" />
        <Previous xsi:nil="true" />
      </StatementValue>
      <StatementValue>
        <Key>S41</Key>
        <Actual xsi:nil="true" />
        <Previous xsi:nil="true" />
      </StatementValue>
      <StatementValue>
        <Key>S42</Key>
        <Actual xsi:nil="true" />
        <Previous xsi:nil="true" />
      </StatementValue>
      <StatementValue>
        <Key>S43</Key>
        <Actual xsi:nil="true" />
        <Previous xsi:nil="true" />
      </StatementValue>
      <StatementValue>
        <Key>S44</Key>
        <Actual xsi:nil="true" />
        <Previous xsi:nil="true" />
      </StatementValue>
      <StatementValue>
        <Key>S45</Key>
        <Actual>19117</Actual>
        <Previous>21520</Previous>
      </StatementValue>
      <StatementValue>
        <Key>S46</Key>
        <Actual>371935</Actual>
        <Previous>370712</Previous>
      </StatementValue>
      <StatementValue>
        <Key>S47</Key>
        <Actual>77261</Actual>
        <Previous>70468</Previous>
      </StatementValue>
      <StatementValue>
        <Key>S48</Key>
        <Actual xsi:nil="true" />
        <Previous xsi:nil="true" />
      </StatementValue>
      <StatementValue>
        <Key>S49</Key>
        <Actual xsi:nil="true" />
        <Previous xsi:nil="true" />
      </StatementValue>
      <StatementValue>
        <Key>S50</Key>
        <Actual xsi:nil="true" />
        <Previous xsi:nil="true" />
      </StatementValue>
      <StatementValue>
        <Key>S51</Key>
        <Actual xsi:nil="true" />
        <Previous xsi:nil="true" />
      </StatementValue>
      <StatementValue>
        <Key>S52</Key>
        <Actual xsi:nil="true" />
        <Previous xsi:nil="true" />
      </StatementValue>
      <StatementValue>
        <Key>S53</Key>
        <Actual>292299</Actual>
        <Previous>299459</Previous>
      </StatementValue>
      <StatementValue>
        <Key>S54</Key>
        <Actual>2375</Actual>
        <Previous>785</Previous>
      </StatementValue>
      <StatementValue>
        <Key>S55</Key>
        <Actual>28064</Actual>
        <Previous>47695</Previous>
      </StatementValue>
      <StatementValue>
        <Key>S56</Key>
        <Actual>4713</Actual>
        <Previous>4470</Previous>
      </StatementValue>
      <StatementValue>
        <Key>S57</Key>
        <Actual>23351</Actual>
        <Previous>43225</Previous>
      </StatementValue>
      <StatementValue>
        <Key>S58</Key>
        <Actual xsi:nil="true" />
        <Previous xsi:nil="true" />
      </StatementValue>
      <StatementValue>
        <Key>S59</Key>
        <Actual xsi:nil="true" />
        <Previous xsi:nil="true" />
      </StatementValue>
      <StatementValue>
        <Key>S60</Key>
        <Actual xsi:nil="true" />
        <Previous xsi:nil="true" />
      </StatementValue>
      <StatementValue>
        <Key>S61</Key>
        <Actual>3305</Actual>
        <Previous>3887</Previous>
      </StatementValue>
      <StatementValue>
        <Key>S62</Key>
        <Actual xsi:nil="true" />
        <Previous xsi:nil="true" />
      </StatementValue>
      <StatementValue>
        <Key>S63</Key>
        <Actual>3305</Actual>
        <Previous>3887</Previous>
      </StatementValue>
      <StatementValue>
        <Key>S64</Key>
        <Actual xsi:nil="true" />
        <Previous xsi:nil="true" />
      </StatementValue>
      <StatementValue>
        <Key>S65</Key>
        <Actual xsi:nil="true" />
        <Previous xsi:nil="true" />
      </StatementValue>
    </Assets>
    <LiabilitiesAndEquity>
      <StatementValue>
        <Key>S66</Key>
        <Actual>2404911</Actual>
        <Previous>2456109</Previous>
      </StatementValue>
      <StatementValue>
        <Key>S67</Key>
        <Actual>1445012</Actual>
        <Previous>1534799</Previous>
      </StatementValue>
      <StatementValue>
        <Key>S68</Key>
        <Actual>197768</Actual>
        <Previous>197768</Previous>
      </StatementValue>
      <StatementValue>
        <Key>S69</Key>
        <Actual>197768</Actual>
        <Previous>197768</Previous>
      </StatementValue>
      <StatementValue>
        <Key>S70</Key>
        <Actual xsi:nil="true" />
        <Previous xsi:nil="true" />
      </StatementValue>
      <StatementValue>
        <Key>S71</Key>
        <Actual xsi:nil="true" />
        <Previous xsi:nil="true" />
      </StatementValue>
      <StatementValue>
        <Key>S72</Key>
        <Actual xsi:nil="true" />
        <Previous xsi:nil="true" />
      </StatementValue>
      <StatementValue>
        <Key>S73</Key>
        <Actual>1620333</Actual>
        <Previous>1620333</Previous>
      </StatementValue>
      <StatementValue>
        <Key>S74</Key>
        <Actual xsi:nil="true" />
        <Previous xsi:nil="true" />
      </StatementValue>
      <StatementValue>
        <Key>S75</Key>
        <Actual>1620333</Actual>
        <Previous>1620333</Previous>
      </StatementValue>
      <StatementValue>
        <Key>S76</Key>
        <Actual xsi:nil="true" />
        <Previous xsi:nil="true" />
      </StatementValue>
      <StatementValue>
        <Key>S77</Key>
        <Actual xsi:nil="true" />
        <Previous xsi:nil="true" />
      </StatementValue>
      <StatementValue>
        <Key>S78</Key>
        <Actual xsi:nil="true" />
        <Previous xsi:nil="true" />
      </StatementValue>
      <StatementValue>
        <Key>S79</Key>
        <Actual xsi:nil="true" />
        <Previous xsi:nil="true" />
      </StatementValue>
      <StatementValue>
        <Key>S80</Key>
        <Actual>240557</Actual>
        <Previous>240557</Previous>
      </StatementValue>
      <StatementValue>
        <Key>S81</Key>
        <Actual>240557</Actual>
        <Previous>240557</Previous>
      </StatementValue>
      <StatementValue>
        <Key>S82</Key>
        <Actual>0</Actual>
        <Previous>0</Previous>
      </StatementValue>
      <StatementValue>
        <Key>S83</Key>
        <Actual xsi:nil="true" />
        <Previous xsi:nil="true" />
      </StatementValue>
      <StatementValue>
        <Key>S84</Key>
        <Actual>-523860</Actual>
        <Previous>-490535</Previous>
      </StatementValue>
      <StatementValue>
        <Key>S85</Key>
        <Actual>6000</Actual>
        <Previous>6000</Previous>
      </StatementValue>
      <StatementValue>
        <Key>S86</Key>
        <Actual>-529860</Actual>
        <Previous>-496535</Previous>
      </StatementValue>
      <StatementValue>
        <Key>S87</Key>
        <Actual>-89786</Actual>
        <Previous>-33324</Previous>
      </StatementValue>
      <StatementValue>
        <Key>S88</Key>
        <Actual>742787</Actual>
        <Previous>689378</Previous>
      </StatementValue>
      <StatementValue>
        <Key>S89</Key>
        <Actual>19841</Actual>
        <Previous>19855</Previous>
      </StatementValue>
      <StatementValue>
        <Key>S90</Key>
        <Actual xsi:nil="true" />
        <Previous xsi:nil="true" />
      </StatementValue>
      <StatementValue>
        <Key>S91</Key>
        <Actual>19216</Actual>
        <Previous>19255</Previous>
      </StatementValue>
      <StatementValue>
        <Key>S92</Key>
        <Actual xsi:nil="true" />
        <Previous xsi:nil="true" />
      </StatementValue>
      <StatementValue>
        <Key>S93</Key>
        <Actual>625</Actual>
        <Previous>600</Previous>
      </StatementValue>
      <StatementValue>
        <Key>S94</Key>
        <Actual>281004</Actual>
        <Previous>292863</Previous>
      </StatementValue>
      <StatementValue>
        <Key>S95</Key>
        <Actual xsi:nil="true" />
        <Previous xsi:nil="true" />
      </StatementValue>
      <StatementValue>
        <Key>S96</Key>
        <Actual xsi:nil="true" />
        <Previous xsi:nil="true" />
      </StatementValue>
      <StatementValue>
        <Key>S97</Key>
        <Actual xsi:nil="true" />
        <Previous xsi:nil="true" />
      </StatementValue>
      <StatementValue>
        <Key>S98</Key>
        <Actual xsi:nil="true" />
        <Previous xsi:nil="true" />
      </StatementValue>
      <StatementValue>
        <Key>S99</Key>
        <Actual xsi:nil="true" />
        <Previous xsi:nil="true" />
      </StatementValue>
      <StatementValue>
        <Key>S100</Key>
        <Actual xsi:nil="true" />
        <Previous xsi:nil="true" />
      </StatementValue>
      <StatementValue>
        <Key>S101</Key>
        <Actual xsi:nil="true" />
        <Previous xsi:nil="true" />
      </StatementValue>
      <StatementValue>
        <Key>S102</Key>
        <Actual xsi:nil="true" />
        <Previous xsi:nil="true" />
      </StatementValue>
      <StatementValue>
        <Key>S103</Key>
        <Actual>8744</Actual>
        <Previous>7710</Previous>
      </StatementValue>
      <StatementValue>
        <Key>S104</Key>
        <Actual>122284</Actual>
        <Previous>144586</Previous>
      </StatementValue>
      <StatementValue>
        <Key>S105</Key>
        <Actual>149976</Actual>
        <Previous>140567</Previous>
      </StatementValue>
      <StatementValue>
        <Key>S106</Key>
        <Actual>213213</Actual>
        <Previous>243621</Previous>
      </StatementValue>
      <StatementValue>
        <Key>S107</Key>
        <Actual>131746</Actual>
        <Previous>142526</Previous>
      </StatementValue>
      <StatementValue>
        <Key>S108</Key>
        <Actual xsi:nil="true" />
        <Previous xsi:nil="true" />
      </StatementValue>
      <StatementValue>
        <Key>S109</Key>
        <Actual xsi:nil="true" />
        <Previous xsi:nil="true" />
      </StatementValue>
      <StatementValue>
        <Key>S110</Key>
        <Actual xsi:nil="true" />
        <Previous xsi:nil="true" />
      </StatementValue>
      <StatementValue>
        <Key>S111</Key>
        <Actual xsi:nil="true" />
        <Previous xsi:nil="true" />
      </StatementValue>
      <StatementValue>
        <Key>S112</Key>
        <Actual>12777</Actual>
        <Previous>15008</Previous>
      </StatementValue>
      <StatementValue>
        <Key>S113</Key>
        <Actual>7313</Actual>
        <Previous>5585</Previous>
      </StatementValue>
      <StatementValue>
        <Key>S114</Key>
        <Actual>12505</Actual>
        <Previous>12780</Previous>
      </StatementValue>
      <StatementValue>
        <Key>S115</Key>
        <Actual>5703</Actual>
        <Previous>5880</Previous>
      </StatementValue>
      <StatementValue>
        <Key>S116</Key>
        <Actual>43169</Actual>
        <Previous>61842</Previous>
      </StatementValue>
      <StatementValue>
        <Key>S117</Key>
        <Actual xsi:nil="true" />
        <Previous xsi:nil="true" />
      </StatementValue>
      <StatementValue>
        <Key>S118</Key>
        <Actual>228729</Actual>
        <Previous>133039</Previous>
      </StatementValue>
      <StatementValue>
        <Key>S119</Key>
        <Actual xsi:nil="true" />
        <Previous xsi:nil="true" />
      </StatementValue>
      <StatementValue>
        <Key>S120</Key>
        <Actual>228729</Actual>
        <Previous>133039</Previous>
      </StatementValue>
      <StatementValue>
        <Key>S121</Key>
        <Actual>217112</Actual>
        <Previous>231932</Previous>
      </StatementValue>
      <StatementValue>
        <Key>S122</Key>
        <Actual xsi:nil="true" />
        <Previous xsi:nil="true" />
      </StatementValue>
      <StatementValue>
        <Key>S123</Key>
        <Actual>48</Actual>
        <Previous>168</Previous>
      </StatementValue>
      <StatementValue>
        <Key>S124</Key>
        <Actual>202363</Actual>
        <Previous>217053</Previous>
      </StatementValue>
      <StatementValue>
        <Key>S125</Key>
        <Actual>14701</Actual>
        <Previous>14711</Previous>
      </StatementValue>
    </LiabilitiesAndEquity>
    <Income>
      <StatementValue>
        <Key>VZ1</Key>
        <Actual xsi:nil="true" />
        <Previous xsi:nil="true" />
      </StatementValue>
      <StatementValue>
        <Key>VZ2</Key>
        <Actual xsi:nil="true" />
        <Previous xsi:nil="true" />
      </StatementValue>
      <StatementValue>
        <Key>VZ3</Key>
        <Actual xsi:nil="true" />
        <Previous xsi:nil="true" />
      </StatementValue>
      <StatementValue>
        <Key>VZ4</Key>
        <Actual>831857</Actual>
        <Previous>804731</Previous>
      </StatementValue>
      <StatementValue>
        <Key>VZ5</Key>
        <Actual>694896</Actual>
        <Previous>717780</Previous>
      </StatementValue>
      <StatementValue>
        <Key>VZ6</Key>
        <Actual>34661</Actual>
        <Previous>-22346</Previous>
      </StatementValue>
      <StatementValue>
        <Key>VZ7</Key>
        <Actual>102300</Actual>
        <Previous>109297</Previous>
      </StatementValue>
      <StatementValue>
        <Key>VZ8</Key>
        <Actual>642949</Actual>
        <Previous>600931</Previous>
      </StatementValue>
      <StatementValue>
        <Key>VZ9</Key>
        <Actual>447295</Actual>
        <Previous>428723</Previous>
      </StatementValue>
      <StatementValue>
        <Key>VZ10</Key>
        <Actual>195654</Actual>
        <Previous>172208</Previous>
      </StatementValue>
      <StatementValue>
        <Key>VZ11</Key>
        <Actual>188908</Actual>
        <Previous>203800</Previous>
      </StatementValue>
      <StatementValue>
        <Key>VZ12</Key>
        <Actual>448413</Actual>
        <Previous>430143</Previous>
      </StatementValue>
      <StatementValue>
        <Key>VZ13</Key>
        <Actual>326922</Actual>
        <Previous>312664</Previous>
      </StatementValue>
      <StatementValue>
        <Key>VZ14</Key>
        <Actual xsi:nil="true" />
        <Previous xsi:nil="true" />
      </StatementValue>
      <StatementValue>
        <Key>VZ15</Key>
        <Actual>110491</Actual>
        <Previous>107284</Previous>
      </StatementValue>
      <StatementValue>
        <Key>VZ16</Key>
        <Actual>11000</Actual>
        <Previous>10195</Previous>
      </StatementValue>
      <StatementValue>
        <Key>VZ17</Key>
        <Actual>7569</Actual>
        <Previous>9552</Previous>
      </StatementValue>
      <StatementValue>
        <Key>VZ18</Key>
        <Actual>192685</Actual>
        <Previous>202481</Previous>
      </StatementValue>
      <StatementValue>
        <Key>VZ19</Key>
        <Actual>41739</Actual>
        <Previous>39451</Previous>
      </StatementValue>
      <StatementValue>
        <Key>VZ20</Key>
        <Actual>43310</Actual>
        <Previous>46929</Previous>
      </StatementValue>
      <StatementValue>
        <Key>VZ21</Key>
        <Actual>737</Actual>
        <Previous>491</Previous>
      </StatementValue>
      <StatementValue>
        <Key>VZ22</Key>
        <Actual>414993</Actual>
        <Previous>440734</Previous>
      </StatementValue>
      <StatementValue>
        <Key>VZ23</Key>
        <Actual>21762</Actual>
        <Previous>22637</Previous>
      </StatementValue>
      <StatementValue>
        <Key>VZ24</Key>
        <Actual>0</Actual>
        <Previous>0</Previous>
      </StatementValue>
      <StatementValue>
        <Key>VZ25</Key>
        <Actual>0</Actual>
        <Previous>0</Previous>
      </StatementValue>
      <StatementValue>
        <Key>VZ26</Key>
        <Actual>-68836</Actual>
        <Previous>-28248</Previous>
      </StatementValue>
      <StatementValue>
        <Key>VZ27</Key>
        <Actual xsi:nil="true" />
        <Previous>14293</Previous>
      </StatementValue>
      <StatementValue>
        <Key>VZ28</Key>
        <Actual xsi:nil="true" />
        <Previous>14293</Previous>
      </StatementValue>
      <StatementValue>
        <Key>VZ29</Key>
        <Actual xsi:nil="true" />
        <Previous xsi:nil="true" />
      </StatementValue>
      <StatementValue>
        <Key>VZ30</Key>
        <Actual xsi:nil="true" />
        <Previous xsi:nil="true" />
      </StatementValue>
      <StatementValue>
        <Key>VZ31</Key>
        <Actual xsi:nil="true" />
        <Previous xsi:nil="true" />
      </StatementValue>
      <StatementValue>
        <Key>VZ32</Key>
        <Actual xsi:nil="true" />
        <Previous xsi:nil="true" />
      </StatementValue>
      <StatementValue>
        <Key>VZ33</Key>
        <Actual xsi:nil="true" />
        <Previous xsi:nil="true" />
      </StatementValue>
      <StatementValue>
        <Key>VZ34</Key>
        <Actual xsi:nil="true" />
        <Previous xsi:nil="true" />
      </StatementValue>
      <StatementValue>
        <Key>VZ35</Key>
        <Actual xsi:nil="true" />
        <Previous xsi:nil="true" />
      </StatementValue>
      <StatementValue>
        <Key>VZ36</Key>
        <Actual xsi:nil="true" />
        <Previous xsi:nil="true" />
      </StatementValue>
      <StatementValue>
        <Key>VZ37</Key>
        <Actual xsi:nil="true" />
        <Previous xsi:nil="true" />
      </StatementValue>
      <StatementValue>
        <Key>VZ38</Key>
        <Actual xsi:nil="true" />
        <Previous>3</Previous>
      </StatementValue>
      <StatementValue>
        <Key>VZ39</Key>
        <Actual>3415</Actual>
        <Previous>4600</Previous>
      </StatementValue>
      <StatementValue>
        <Key>VZ40</Key>
        <Actual xsi:nil="true" />
        <Previous xsi:nil="true" />
      </StatementValue>
      <StatementValue>
        <Key>VZ41</Key>
        <Actual xsi:nil="true" />
        <Previous xsi:nil="true" />
      </StatementValue>
      <StatementValue>
        <Key>VZ42</Key>
        <Actual xsi:nil="true" />
        <Previous>1382</Previous>
      </StatementValue>
      <StatementValue>
        <Key>VZ43</Key>
        <Actual>2843</Actual>
        <Previous>1642</Previous>
      </StatementValue>
      <StatementValue>
        <Key>VZ44</Key>
        <Actual>0</Actual>
        <Previous>0</Previous>
      </StatementValue>
      <StatementValue>
        <Key>VZ45</Key>
        <Actual>0</Actual>
        <Previous>0</Previous>
      </StatementValue>
      <StatementValue>
        <Key>VZ46</Key>
        <Actual>-6258</Actual>
        <Previous>-4857</Previous>
      </StatementValue>
      <StatementValue>
        <Key>VZ47</Key>
        <Actual>-75094</Actual>
        <Previous>-33105</Previous>
      </StatementValue>
      <StatementValue>
        <Key>VZ48</Key>
        <Actual>14692</Actual>
        <Previous>219</Previous>
      </StatementValue>
      <StatementValue>
        <Key>VZ49</Key>
        <Actual>2880</Actual>
        <Previous>2880</Previous>
      </StatementValue>
      <StatementValue>
        <Key>VZ50</Key>
        <Actual>11812</Actual>
        <Previous>-2661</Previous>
      </StatementValue>
      <StatementValue>
        <Key>VZ51</Key>
        <Actual>-89786</Actual>
        <Previous>-33324</Previous>
      </StatementValue>
      <StatementValue>
        <Key>VZ52</Key>
        <Actual xsi:nil="true" />
        <Previous xsi:nil="true" />
      </StatementValue>
      <StatementValue>
        <Key>VZ53</Key>
        <Actual xsi:nil="true" />
        <Previous xsi:nil="true" />
      </StatementValue>
      <StatementValue>
        <Key>VZ54</Key>
        <Actual xsi:nil="true" />
        <Previous xsi:nil="true" />
      </StatementValue>
      <StatementValue>
        <Key>VZ55</Key>
        <Actual xsi:nil="true" />
        <Previous xsi:nil="true" />
      </StatementValue>
      <StatementValue>
        <Key>VZ56</Key>
        <Actual xsi:nil="true" />
        <Previous xsi:nil="true" />
      </StatementValue>
      <StatementValue>
        <Key>VZ57</Key>
        <Actual xsi:nil="true" />
        <Previous xsi:nil="true" />
      </StatementValue>
      <StatementValue>
        <Key>VZ58</Key>
        <Actual xsi:nil="true" />
        <Previous xsi:nil="true" />
      </StatementValue>
      <StatementValue>
        <Key>VZ59</Key>
        <Actual>-75094</Actual>
        <Previous>-33105</Previous>
      </StatementValue>
      <StatementValue>
        <Key>VZ60</Key>
        <Actual xsi:nil="true" />
        <Previous xsi:nil="true" />
      </StatementValue>
      <StatementValue>
        <Key>VZ61</Key>
        <Actual>-89786</Actual>
        <Previous>-33324</Previous>
      </StatementValue>
    </Income>
  </StatementResult>
</ArrayOfStatementResult>